{
    "total_runtime": 75.08122038841248,
    "num_documents": 3,
    "input_load_time": 0,
    "workflows": {
        "create_base_text_units": {
            "overall": 3.1987383365631104,
            "0_orderby": 0.012527227401733398,
            "1_zip": 0.006938457489013672,
            "2_aggregate_override": 0.0162808895111084,
            "3_chunk": 3.0229945182800293,
            "4_select": 0.013538122177124023,
            "5_unroll": 0.0224153995513916,
            "6_rename": 0.012777566909790039,
            "7_genid": 0.0143280029296875,
            "8_unzip": 0.016608238220214844,
            "9_copy": 0.012090921401977539,
            "10_filter": 0.04381394386291504
        },
        "create_base_extracted_entities": {
            "overall": 6.795002698898315,
            "0_entity_extract": 6.717254161834717,
            "1_merge_graphs": 0.06355571746826172
        },
        "create_summarized_entities": {
            "overall": 8.19129204750061,
            "0_summarize_descriptions": 8.176558494567871
        },
        "create_base_entity_graph": {
            "overall": 0.07756185531616211,
            "0_cluster_graph": 0.041254520416259766,
            "1_select": 0.019937992095947266
        },
        "create_final_entities": {
            "overall": 4.829971551895142,
            "0_unpack_graph": 0.023252010345458984,
            "1_rename": 0.0208737850189209,
            "2_select": 0.021787405014038086,
            "3_dedupe": 0.022294998168945312,
            "4_rename": 0.03410458564758301,
            "5_filter": 0.06731152534484863,
            "6_text_split": 0.028451919555664062,
            "7_drop": 0.024526357650756836,
            "8_merge": 0.027861595153808594,
            "9_text_embed": 4.476155996322632,
            "10_drop": 0.02504277229309082,
            "11_filter": 0.03933429718017578
        },
        "create_final_nodes": {
            "overall": 0.5213336944580078,
            "0_layout_graph": 0.040640830993652344,
            "1_unpack_graph": 0.034050941467285156,
            "2_unpack_graph": 0.030284881591796875,
            "3_drop": 0.02109670639038086,
            "4_filter": 0.051489830017089844,
            "5_select": 0.027303218841552734,
            "6_rename": 0.042489051818847656,
            "7_join": 0.13541722297668457,
            "8_convert": 0.07805395126342773,
            "9_rename": 0.03420066833496094
        },
        "create_final_communities": {
            "overall": 3.4029428958892822,
            "0_unpack_graph": 0.05051565170288086,
            "1_unpack_graph": 0.04783940315246582,
            "2_aggregate_override": 2.7244386672973633,
            "3_join": 0.0429840087890625,
            "4_join": 0.039827823638916016,
            "5_concat": 0.02914714813232422,
            "6_filter": 0.06715869903564453,
            "7_aggregate_override": 0.03859353065490723,
            "8_join": 0.045786142349243164,
            "9_filter": 0.16679620742797852,
            "10_fill": 0.02432870864868164,
            "11_merge": 0.02799701690673828,
            "12_copy": 0.02534937858581543,
            "13_select": 0.030499935150146484
        },
        "join_text_units_to_entity_ids": {
            "overall": 0.19010186195373535,
            "0_select": 0.04937887191772461,
            "1_unroll": 0.05253410339355469,
            "2_aggregate_override": 0.05051279067993164
        },
        "create_final_relationships": {
            "overall": 0.6444146633148193,
            "0_unpack_graph": 0.03995943069458008,
            "1_filter": 0.06769919395446777,
            "2_rename": 0.053008079528808594,
            "3_filter": 0.18366479873657227,
            "4_drop": 0.0554807186126709,
            "5_compute_edge_combined_degree": 0.04437375068664551,
            "6_convert": 0.09039139747619629,
            "7_convert": 0.05665230751037598
        },
        "join_text_units_to_relationship_ids": {
            "overall": 0.28809666633605957,
            "0_select": 0.05973005294799805,
            "1_unroll": 0.03952836990356445,
            "2_aggregate_override": 0.0657186508178711,
            "3_select": 0.0650029182434082
        },
        "create_final_community_reports": {
            "overall": 40.836068630218506,
            "0_prepare_community_reports_nodes": 0.05221152305603027,
            "1_prepare_community_reports_edges": 0.04646754264831543,
            "2_restore_community_hierarchy": 0.058824777603149414,
            "3_prepare_community_reports": 0.10152816772460938,
            "4_create_community_reports": 40.470372676849365,
            "5_window": 0.04307866096496582
        },
        "create_final_text_units": {
            "overall": 0.5011680126190186,
            "0_select": 0.04535794258117676,
            "1_rename": 0.03611016273498535,
            "2_join": 0.04446148872375488,
            "3_join": 0.06612181663513184,
            "4_aggregate_override": 0.07992839813232422,
            "5_select": 0.16824030876159668
        },
        "create_base_documents": {
            "overall": 0.8871831893920898,
            "0_unroll": 0.07217144966125488,
            "1_select": 0.06875419616699219,
            "2_rename": 0.06695818901062012,
            "3_join": 0.06989145278930664,
            "4_aggregate_override": 0.045394182205200195,
            "5_join": 0.06551647186279297,
            "6_rename": 0.05515789985656738,
            "7_convert": 0.37972283363342285
        },
        "create_final_documents": {
            "overall": 0.1187891960144043,
            "0_rename": 0.04935717582702637
        }
    }
}