{
    "total_runtime": 22.204100847244263,
    "num_documents": 1,
    "input_load_time": 0,
    "workflows": {
        "create_base_text_units": {
            "overall": 0.2201707363128662,
            "0_orderby": 0.003210783004760742,
            "1_zip": 0.003985166549682617,
            "2_aggregate_override": 0.0066869258880615234,
            "3_chunk": 0.15497541427612305,
            "4_select": 0.004252195358276367,
            "5_unroll": 0.0075452327728271484,
            "6_rename": 0.004524946212768555,
            "7_genid": 0.005192995071411133,
            "8_unzip": 0.0055582523345947266,
            "9_copy": 0.004660844802856445,
            "10_filter": 0.01676654815673828
        },
        "create_base_extracted_entities": {
            "overall": 5.353455543518066,
            "0_entity_extract": 5.338183879852295,
            "1_merge_graphs": 0.00866842269897461
        },
        "create_summarized_entities": {
            "overall": 2.370891571044922,
            "0_summarize_descriptions": 2.360541582107544
        },
        "create_base_entity_graph": {
            "overall": 0.03596663475036621,
            "0_cluster_graph": 0.021214723587036133,
            "1_select": 0.007413625717163086
        },
        "create_final_entities": {
            "overall": 1.287519931793213,
            "0_unpack_graph": 0.0094146728515625,
            "1_rename": 0.007735729217529297,
            "2_select": 0.008053064346313477,
            "3_dedupe": 0.008430242538452148,
            "4_rename": 0.00992727279663086,
            "5_filter": 0.019104957580566406,
            "6_text_split": 0.009352445602416992,
            "7_drop": 0.009221315383911133,
            "8_merge": 0.010032415390014648,
            "9_text_embed": 1.1561603546142578,
            "10_drop": 0.009457826614379883,
            "11_filter": 0.02224445343017578
        },
        "create_final_nodes": {
            "overall": 0.18743681907653809,
            "0_layout_graph": 0.016170263290405273,
            "1_unpack_graph": 0.011894464492797852,
            "2_unpack_graph": 0.011787176132202148,
            "3_drop": 0.01064443588256836,
            "4_filter": 0.02860426902770996,
            "5_select": 0.01310586929321289,
            "6_rename": 0.011909246444702148,
            "7_convert": 0.0425875186920166,
            "8_join": 0.017309188842773438,
            "9_rename": 0.013131141662597656
        },
        "create_final_communities": {
            "overall": 0.3360135555267334,
            "0_unpack_graph": 0.015840768814086914,
            "1_unpack_graph": 0.016846179962158203,
            "2_aggregate_override": 0.02075362205505371,
            "3_join": 0.021721601486206055,
            "4_join": 0.020938634872436523,
            "5_concat": 0.013741254806518555,
            "6_filter": 0.03246808052062988,
            "7_aggregate_override": 0.018146991729736328,
            "8_join": 0.024025440216064453,
            "9_filter": 0.0422823429107666,
            "10_fill": 0.020090341567993164,
            "11_merge": 0.024388790130615234,
            "12_copy": 0.025531768798828125,
            "13_select": 0.023145675659179688
        },
        "join_text_units_to_entity_ids": {
            "overall": 0.07480216026306152,
            "0_select": 0.019257545471191406,
            "1_unroll": 0.018863677978515625,
            "2_aggregate_override": 0.017942190170288086
        },
        "create_final_relationships": {
            "overall": 0.282834529876709,
            "0_unpack_graph": 0.01994633674621582,
            "1_filter": 0.042833566665649414,
            "2_rename": 0.020674705505371094,
            "3_filter": 0.04905581474304199,
            "4_drop": 0.02060556411743164,
            "5_compute_edge_combined_degree": 0.02410602569580078,
            "6_convert": 0.05977177619934082,
            "7_convert": 0.02536177635192871
        },
        "join_text_units_to_relationship_ids": {
            "overall": 0.11432719230651855,
            "0_select": 0.021434783935546875,
            "1_unroll": 0.02198028564453125,
            "2_aggregate_override": 0.023883581161499023,
            "3_select": 0.023487567901611328
        },
        "create_final_community_reports": {
            "overall": 8.784657716751099,
            "0_prepare_community_reports_nodes": 0.024649620056152344,
            "1_prepare_community_reports_edges": 0.045537710189819336,
            "2_restore_community_hierarchy": 0.02560710906982422,
            "3_prepare_community_reports": 0.04042315483093262,
            "4_create_community_reports": 8.59718132019043,
            "5_window": 0.02840566635131836
        },
        "create_final_text_units": {
            "overall": 0.19001245498657227,
            "0_select": 0.02382969856262207,
            "1_rename": 0.02478194236755371,
            "2_join": 0.03254246711730957,
            "3_join": 0.03175973892211914,
            "4_aggregate_override": 0.028435945510864258,
            "5_select": 0.023781776428222656
        },
        "create_base_documents": {
            "overall": 0.27100372314453125,
            "0_unroll": 0.026499271392822266,
            "1_select": 0.025279998779296875,
            "2_rename": 0.03109574317932129,
            "3_join": 0.03102278709411621,
            "4_aggregate_override": 0.026051759719848633,
            "5_join": 0.030768394470214844,
            "6_rename": 0.025181293487548828,
            "7_convert": 0.05164170265197754
        },
        "create_final_documents": {
            "overall": 0.05661773681640625,
            "0_rename": 0.027178049087524414
        }
    }
}