{
    "total_runtime": 20.07785940170288,
    "num_documents": 2,
    "input_load_time": 0,
    "workflows": {
        "create_base_text_units": {
            "overall": 0.24022316932678223,
            "0_orderby": 0.0032529830932617188,
            "1_zip": 0.00347137451171875,
            "2_aggregate_override": 0.007223367691040039,
            "3_chunk": 0.18111491203308105,
            "4_select": 0.004315853118896484,
            "5_unroll": 0.004600048065185547,
            "6_rename": 0.0034029483795166016,
            "7_genid": 0.003900289535522461,
            "8_unzip": 0.0053670406341552734,
            "9_copy": 0.0038299560546875,
            "10_filter": 0.017055988311767578
        },
        "create_base_extracted_entities": {
            "overall": 3.5372376441955566,
            "0_entity_extract": 3.524017810821533,
            "1_merge_graphs": 0.007172107696533203
        },
        "create_summarized_entities": {
            "overall": 1.9086008071899414,
            "0_summarize_descriptions": 1.902061939239502
        },
        "create_base_entity_graph": {
            "overall": 0.028420448303222656,
            "0_cluster_graph": 0.01378178596496582,
            "1_select": 0.007069826126098633
        },
        "create_final_entities": {
            "overall": 0.862978458404541,
            "0_unpack_graph": 0.009079694747924805,
            "1_rename": 0.0075342655181884766,
            "2_select": 0.007933855056762695,
            "3_dedupe": 0.007991313934326172,
            "4_rename": 0.0067901611328125,
            "5_filter": 0.0188753604888916,
            "6_text_split": 0.007719755172729492,
            "7_drop": 0.008128166198730469,
            "8_merge": 0.009636402130126953,
            "9_text_embed": 0.7417032718658447,
            "10_drop": 0.00938725471496582,
            "11_filter": 0.019846200942993164
        },
        "create_final_nodes": {
            "overall": 0.17297744750976562,
            "0_layout_graph": 0.01358485221862793,
            "1_unpack_graph": 0.011666297912597656,
            "2_unpack_graph": 0.011621713638305664,
            "3_drop": 0.009813785552978516,
            "4_filter": 0.022774457931518555,
            "5_select": 0.011425018310546875,
            "6_rename": 0.012159347534179688,
            "7_convert": 0.03598904609680176,
            "8_join": 0.02158498764038086,
            "9_rename": 0.01049494743347168
        },
        "create_final_communities": {
            "overall": 0.31282830238342285,
            "0_unpack_graph": 0.015012979507446289,
            "1_unpack_graph": 0.01326441764831543,
            "2_aggregate_override": 0.014341354370117188,
            "3_join": 0.019185543060302734,
            "4_join": 0.01802825927734375,
            "5_concat": 0.014548301696777344,
            "6_filter": 0.032608985900878906,
            "7_aggregate_override": 0.019825220108032227,
            "8_join": 0.020585298538208008,
            "9_filter": 0.034659385681152344,
            "10_fill": 0.01621723175048828,
            "11_merge": 0.03334856033325195,
            "12_copy": 0.022650718688964844,
            "13_select": 0.023763656616210938
        },
        "join_text_units_to_entity_ids": {
            "overall": 0.0744771957397461,
            "0_select": 0.018673181533813477,
            "1_unroll": 0.016861438751220703,
            "2_aggregate_override": 0.02007007598876953
        },
        "create_final_relationships": {
            "overall": 0.23787975311279297,
            "0_unpack_graph": 0.018773794174194336,
            "1_filter": 0.040531158447265625,
            "2_rename": 0.016515493392944336,
            "3_filter": 0.04307198524475098,
            "4_drop": 0.019064903259277344,
            "5_compute_edge_combined_degree": 0.022562026977539062,
            "6_convert": 0.038107872009277344,
            "7_convert": 0.019586801528930664
        },
        "join_text_units_to_relationship_ids": {
            "overall": 0.12433362007141113,
            "0_select": 0.019622802734375,
            "1_unroll": 0.02893686294555664,
            "2_aggregate_override": 0.03447747230529785,
            "3_select": 0.0195009708404541
        },
        "create_final_community_reports": {
            "overall": 9.492435693740845,
            "0_prepare_community_reports_nodes": 0.023906707763671875,
            "1_prepare_community_reports_edges": 0.022091150283813477,
            "2_restore_community_hierarchy": 0.024683475494384766,
            "3_prepare_community_reports": 0.03931307792663574,
            "4_create_community_reports": 9.340123891830444,
            "5_window": 0.022071361541748047
        },
        "create_final_text_units": {
            "overall": 0.19882941246032715,
            "0_select": 0.030359983444213867,
            "1_rename": 0.028037071228027344,
            "2_join": 0.03581976890563965,
            "3_join": 0.03094172477722168,
            "4_aggregate_override": 0.024736642837524414,
            "5_select": 0.02181839942932129
        },
        "create_base_documents": {
            "overall": 0.29318928718566895,
            "0_unroll": 0.02596426010131836,
            "1_select": 0.024957895278930664,
            "2_rename": 0.026381492614746094,
            "3_join": 0.030857563018798828,
            "4_aggregate_override": 0.028039216995239258,
            "5_join": 0.029925823211669922,
            "6_rename": 0.02533245086669922,
            "7_convert": 0.07786083221435547
        },
        "create_final_documents": {
            "overall": 0.05617856979370117,
            "0_rename": 0.02632737159729004
        }
    }
}